,Name,Course Name,Position,Strokes Under,Total Strokes,First Round,Second Round,Third Round,Fourth Round,Fourth Round Tee Time,Amateur Status,Tournament Status,ID
0,Scottie Scheffler,Le Golf National,1,-19,265,67,69,67,62,12:17pm,False,complete,46046
1,Tommy Fleetwood,Le Golf National,2,-18,266,67,64,69,66,12:39pm,False,complete,30911
2,Hideki Matsuyama,Le Golf National,3,-17,267,63,68,71,65,12:28pm,False,complete,32839
3,Victor Perez,Le Golf National,4,-16,268,70,67,68,63,11:55am,False,complete,47679
4,Rory McIlroy,Le Golf National,T5,-15,269,68,69,66,66,12:28pm,False,complete,28237
5,Jon Rahm,Le Golf National,T5,-15,269,67,66,66,70,12:39pm,False,complete,46970
6,Nicolai Højgaard,Le Golf National,7,-14,270,70,70,62,68,12:28pm,False,complete,52453
7,Tom Kim,Le Golf National,8,-13,271,66,68,69,68,12:17pm,False,complete,55182
8,Corey Conners,Le Golf National,T9,-12,272,68,69,69,66,11:44am,False,complete,39997
9,Jason Day,Le Golf National,T9,-12,272,69,68,67,68,12:06pm,False,complete,28089
10,Joaquin Niemann,Le Golf National,T9,-12,272,66,70,68,68,12:06pm,False,complete,45486
11,Thomas Detry,Le Golf National,T9,-12,272,71,63,69,69,12:17pm,False,complete,33653
12,Xander Schauffele,Le Golf National,T9,-12,272,65,66,68,73,12:39pm,False,complete,48081
13,Wyndham Clark,Le Golf National,T14,-11,273,75,68,65,65,11:17am,False,complete,51766
14,Thorbjørn Olesen,Le Golf National,T14,-11,273,71,68,66,68,11:55am,False,complete,33968
15,Christiaan Bezuidenhout,Le Golf National,16,-10,274,70,71,64,69,11:55am,False,complete,45522
16,Erik van Rooyen,Le Golf National,17,-9,275,67,69,69,70,11:44am,False,complete,40006
17,Alejandro Tosti,Le Golf National,T18,-8,276,68,69,69,70,11:33am,False,complete,38991
18,C.T. Pan,Le Golf National,T18,-8,276,69,65,72,70,11:33am,False,complete,29908
19,Matteo Manassero,Le Golf National,T18,-8,276,69,69,69,69,11:33am,False,complete,33199
20,Ludvig Åberg,Le Golf National,T18,-8,276,68,70,66,72,12:06pm,False,complete,52955
21,Min Woo Lee,Le Golf National,T22,-7,277,76,65,68,68,10:55am,False,complete,37378
22,Guido Migliozzi,Le Golf National,T22,-7,277,68,67,74,68,10:55am,False,complete,39834
23,Collin Morikawa,Le Golf National,T24,-6,278,70,68,70,70,11:06am,False,complete,50525
24,Byeong Hun An,Le Golf National,T24,-6,278,72,68,66,72,11:44am,False,complete,33948
25,Matthias Schmid,Le Golf National,T26,-5,279,68,75,69,67,10:22am,False,complete,48867
26,Carlos Ortiz,Le Golf National,T26,-5,279,68,70,70,71,11:06am,False,complete,33667
27,Stephan Jaeger,Le Golf National,T26,-5,279,71,64,72,72,11:17am,False,complete,36799
28,Shane Lowry,Le Golf National,T26,-5,279,71,71,66,71,11:17am,False,complete,33204
29,Rafa Campos,Le Golf National,T30,-4,280,73,70,70,67,9:55am,False,complete,32070
30,Viktor Hovland,Le Golf National,T30,-4,280,70,75,67,68,10:22am,False,complete,46717
31,Nick Taylor,Le Golf National,T30,-4,280,70,73,68,69,10:33am,False,complete,25493
32,Gavin Green,Le Golf National,T33,-3,281,74,69,69,69,10:11am,False,complete,31273
33,Fabrizio Zanotti,Le Golf National,T33,-3,281,70,69,71,71,10:44am,False,complete,29939
34,Nico Echavarria,Le Golf National,T35,-2,282,74,69,71,68,9:44am,False,complete,51349
35,Tapio Pulkkanen,Le Golf National,T35,-2,282,69,72,71,70,9:55am,False,complete,32394
36,Abraham Ancer,Le Golf National,T35,-2,282,70,71,71,70,10:11am,False,complete,45526
37,Sepp Straka,Le Golf National,T35,-2,282,67,74,70,71,10:33am,False,complete,49960
38,Ryan Fox,Le Golf National,T35,-2,282,67,73,68,74,11:06am,False,complete,29936
39,Shubhankar Sharma,Le Golf National,T40,-1,283,70,69,72,72,10:22am,False,complete,39113
40,Adrien Dumont de Chassart,Le Golf National,T40,-1,283,70,70,70,73,10:44am,False,complete,50497
41,David Puig,Le Golf National,T40,-1,283,69,69,70,75,10:55am,False,complete,61193
42,Kristoffer Ventura,Le Golf National,T43,E,284,71,68,76,69,9:33am,False,complete,35658
43,Emiliano Grillo,Le Golf National,T43,E,284,66,75,75,68,9:33am,False,complete,31646
44,Mito Pereira,Le Golf National,T45,+1,285,69,76,74,66,9:11am,False,complete,47529
45,Gaganjeet Bhullar,Le Golf National,T45,+1,285,75,69,71,70,9:44am,False,complete,28697
46,Alex Noren,Le Golf National,T45,+1,285,67,74,71,73,10:11am,False,complete,27349
47,Sami Valimaki,Le Golf National,T45,+1,285,67,71,72,75,10:44am,False,complete,52666
48,Adrian Meronk,Le Golf National,T49,+3,287,73,71,72,71,9:33am,False,complete,33674
49,Keita Nakajima,Le Golf National,T49,+3,287,70,70,73,74,9:55am,False,complete,49228
50,Joel Girrbach,Le Golf National,T49,+3,287,69,72,70,76,10:33am,False,complete,35564
51,Kevin Yu,Le Golf National,52,+4,288,73,69,72,74,9:44am,False,complete,45242
52,Zecheng Dou,Le Golf National,53,+5,289,69,70,77,73,9:22am,False,complete,37338
53,Kiradech Aphibarnrat,Le Golf National,54,+6,290,74,73,72,71,9:22am,False,complete,30978
54,Daniel Hillier,Le Golf National,55,+7,291,75,73,70,73,9:22am,False,complete,49813
55,Yechun Yuan,Le Golf National,56,+8,292,70,72,78,72,9:11am,False,complete,55454
56,Camilo Villegas,Le Golf National,57,+9,293,76,74,72,71,9:00am,False,complete,27770
57,Matthieu Pavon,Le Golf National,58,+13,297,71,75,77,74,9:00am,False,complete,48153
58,Matt Fitzpatrick,Le Golf National,WD,-,218,73,64,81,,,False,wd,40098
59,Phachara Khongwatmai,Le Golf National,WD,-,219,70,75,74,,9:11am,False,wd,47239
60,Xander Schauffele,Royal Troon,1,-9,275,69,72,69,65,2:05pm,False,complete,48081
61,Justin Rose,Royal Troon,T2,-7,277,69,68,73,67,2:05pm,False,complete,22405
62,Billy Horschel,Royal Troon,T2,-7,277,72,68,69,68,2:25pm,False,complete,29420
63,Thriston Lawrence,Royal Troon,4,-6,278,71,74,65,68,2:25pm,False,complete,45523
64,Russell Henley,Royal Troon,5,-5,279,69,75,66,69,2:15pm,False,complete,34098
65,Shane Lowry,Royal Troon,6,-4,280,66,69,77,68,1:45pm,False,complete,33204
66,Jon Rahm,Royal Troon,T7,-1,283,73,70,72,68,12:40pm,False,complete,46970
67,Sungjae Im,Royal Troon,T7,-1,283,76,72,66,69,1:25pm,False,complete,39971
68,Scottie Scheffler,Royal Troon,T7,-1,283,70,70,71,72,1:55pm,False,complete,46046
69,Matthew Jordan,Royal Troon,T10,E,284,71,71,71,71,1:35pm,False,complete,55955
70,Adam Scott,Royal Troon,T10,E,284,70,77,66,71,1:45pm,False,complete,24502
71,Daniel Brown,Royal Troon,T10,E,284,65,72,73,74,1:55pm,False,complete,57259
72,Jason Day,Royal Troon,T13,+1,285,73,68,76,68,11:05am,False,complete,28089
73,Alex Noren,Royal Troon,T13,+1,285,69,75,71,70,12:40pm,False,complete,27349
74,Byeong Hun An,Royal Troon,T13,+1,285,75,71,68,71,1:25pm,False,complete,33948
75,Mackenzie Hughes,Royal Troon,T16,+2,286,69,74,75,68,10:10am,False,complete,35506
76,Collin Morikawa,Royal Troon,T16,+2,286,73,70,72,71,12:30pm,False,complete,50525
77,John Catlin,Royal Troon,T16,+2,286,76,70,69,71,1:00pm,False,complete,45734
78,Dean Burmester,Royal Troon,T19,+3,287,71,69,76,71,11:50am,False,complete,33974
79,Daniel Hillier,Royal Troon,T19,+3,287,76,71,68,72,1:15pm,False,complete,49813
80,Shubhankar Sharma,Royal Troon,T19,+3,287,76,72,67,72,1:15pm,False,complete,39113
81,Sepp Straka,Royal Troon,T22,+4,288,70,74,73,71,11:15am,False,complete,49960
82,Ewen Ferguson,Royal Troon,T22,+4,288,74,73,70,71,11:35am,False,complete,50223
83,Padraig Harrington,Royal Troon,T22,+4,288,72,73,71,72,12:10pm,False,complete,20766
84,Ryan Fox,Royal Troon,T25,+5,289,73,73,76,67,8:05am,False,complete,29936
85,Corey Conners,Royal Troon,T25,+5,289,71,70,80,68,8:25am,False,complete,39997
86,Jordan Spieth,Royal Troon,T25,+5,289,71,74,74,70,9:30am,False,complete,34046
87,Joseph Dean,Royal Troon,T25,+5,289,69,77,71,72,11:35am,False,complete,37094
88,Patrick Cantlay,Royal Troon,T25,+5,289,73,68,75,73,11:50am,False,complete,35450
89,Laurie Canter,Royal Troon,T25,+5,289,71,74,70,74,12:50pm,False,complete,34362
90,Guido Migliozzi,Royal Troon,T31,+6,290,73,75,71,71,10:00am,False,complete,39834
91,Eric Cole,Royal Troon,T31,+6,290,72,73,72,73,11:15am,False,complete,47591
92,Cameron Young,Royal Troon,T31,+6,290,73,73,71,73,11:25am,False,complete,57366
93,Minkyu Kim,Royal Troon,T31,+6,290,73,71,72,74,12:00pm,False,complete,50323
94,Brendon Todd,Royal Troon,T31,+6,290,73,73,70,74,12:10pm,False,complete,30927
95,Matteo Manassero,Royal Troon,T31,+6,290,73,73,70,74,12:20pm,False,complete,33199
96,Dustin Johnson,Royal Troon,T31,+6,290,74,69,72,75,12:30pm,False,complete,30925
97,Chris Kirk,Royal Troon,T31,+6,290,70,76,69,75,12:50pm,False,complete,30926
98,Justin Thomas,Royal Troon,T31,+6,290,68,78,67,77,1:35pm,False,complete,33448
99,Sam Burns,Royal Troon,T31,+6,290,76,69,65,80,2:15pm,False,complete,47504
100,Kurt Kitayama,Royal Troon,T41,+7,291,77,69,74,71,9:20am,False,complete,48117
101,Matt Wallace,Royal Troon,T41,+7,291,70,77,71,73,10:55am,False,complete,48887
102,Brooks Koepka,Royal Troon,T43,+8,292,70,73,78,71,8:35am,False,complete,36689
103,Thorbjørn Olesen,Royal Troon,T43,+8,292,72,73,76,71,9:00am,False,complete,33968
104,Jorge Campillo,Royal Troon,T43,+8,292,80,68,73,71,9:00am,False,complete,32367
105,Si Woo Kim,Royal Troon,T43,+8,292,76,71,71,74,10:45am,False,complete,37455
106,Max Homa,Royal Troon,T43,+8,292,76,72,70,74,11:05am,False,complete,39977
107,Emiliano Grillo,Royal Troon,T43,+8,292,71,74,72,75,11:25am,False,complete,31646
108,Calum Scott,Royal Troon,T43,+8,292,71,75,70,76,12:20pm,True,complete,63568
109,Matthieu Pavon,Royal Troon,T50,+9,293,72,72,77,72,8:45am,False,complete,48153
110,Matt Fitzpatrick,Royal Troon,T50,+9,293,70,78,73,72,9:10am,False,complete,40098
111,Richard Mansell,Royal Troon,T50,+9,293,75,71,74,73,9:10am,False,complete,54190
112,Robert MacIntyre,Royal Troon,T50,+9,293,72,75,72,74,9:50am,False,complete,52215
113,Harris English,Royal Troon,T50,+9,293,76,71,72,74,10:00am,False,complete,34099
114,Adrian Meronk,Royal Troon,T50,+9,293,73,72,73,75,10:25am,False,complete,33674
115,Gary Woodland,Royal Troon,T50,+9,293,76,68,72,77,12:00pm,False,complete,31323
116,Sean Crocker,Royal Troon,T50,+9,293,72,74,69,78,1:00pm,False,complete,39524
117,Joaquin Niemann,Royal Troon,T58,+10,294,71,71,76,76,10:10am,False,complete,45486
118,Abraham Ancer,Royal Troon,T58,+10,294,73,75,70,76,10:55am,False,complete,45526
119,Tommy Morrison,Royal Troon,T60,+11,295,75,73,74,73,8:25am,True,complete,64624
120,Jeunghun Wang,Royal Troon,T60,+11,295,72,72,77,74,8:45am,False,complete,39958
121,Rasmus Højgaard,Royal Troon,T60,+11,295,74,72,74,75,9:20am,False,complete,52686
122,Jacob Skov Olesen,Royal Troon,T60,+11,295,76,71,72,76,9:40am,True,complete,55965
123,Phil Mickelson,Royal Troon,T60,+11,295,73,74,72,76,9:50am,False,complete,01810
124,Brian Harman,Royal Troon,T60,+11,295,73,73,72,77,10:35am,False,complete,27644
125,Tom McKibbin,Royal Troon,T66,+12,296,73,72,77,74,7:55am,False,complete,50823
126,Hideki Matsuyama,Royal Troon,T66,+12,296,75,72,75,74,8:05am,False,complete,32839
127,Nicolai Højgaard,Royal Troon,T66,+12,296,69,75,75,77,9:30am,False,complete,52453
128,Austin Eckroat,Royal Troon,T66,+12,296,73,73,72,78,10:35am,False,complete,57362
129,Davis Thompson,Royal Troon,T66,+12,296,74,73,71,78,10:45am,False,complete,58168
130,Rickie Fowler,Royal Troon,71,+13,297,79,69,74,75,8:15am,False,complete,32102
131,Young-han Song,Royal Troon,T72,+14,298,71,76,77,74,7:45am,False,complete,36521
132,Marcel Siem,Royal Troon,T72,+14,298,73,71,77,77,8:35am,False,complete,23481
133,Tom Hoge,Royal Troon,T72,+14,298,74,70,74,80,10:25am,False,complete,35532
134,Darren Clarke,Royal Troon,T75,+15,299,77,71,76,75,7:55am,False,complete,19825
135,Aaron Rai,Royal Troon,T75,+15,299,73,74,75,77,8:15am,False,complete,46414
136,Alex Cejka,Royal Troon,T75,+15,299,73,74,72,80,9:40am,False,complete,20472
137,Luis Masaveu,Royal Troon,78,+18,302,73,75,78,76,7:45am,True,complete,64033
138,Andy Ogletree,Royal Troon,79,+19,303,75,72,79,77,7:35am,False,complete,57944
139,Darren Fichardt,Royal Troon,80,+22,306,77,71,80,78,7:35am,False,complete,20721
140,Yuto Katsuragawa,Royal Troon,CUT,+7,149,76,73,,,,False,cut,48632
141,Victor Perez,Royal Troon,CUT,+7,149,74,75,,,,False,cut,47679
142,Akshay Bhatia,Royal Troon,CUT,+7,149,76,73,,,,False,cut,56630
143,Sami Valimaki,Royal Troon,CUT,+7,149,73,76,,,,False,cut,52666
144,Kazuma Kobori,Royal Troon,CUT,+7,149,73,76,,,,False,cut,54621
145,Jack McDonald,Royal Troon,CUT,+7,149,76,73,,,,False,cut,36872
146,Vincent Norrman,Royal Troon,CUT,+7,149,78,71,,,,False,cut,51070
147,Christiaan Bezuidenhout,Royal Troon,CUT,+7,149,75,74,,,,False,cut,45522
148,Keegan Bradley,Royal Troon,CUT,+7,149,74,75,,,,False,cut,33141
149,Will Zalatoris,Royal Troon,CUT,+7,149,76,73,,,,False,cut,47483
150,Nacho Elvira,Royal Troon,CUT,+7,149,76,73,,,,False,cut,39201
151,Henrik Stenson,Royal Troon,CUT,+8,150,77,73,,,,False,cut,21528
152,Louis Oosthuizen,Royal Troon,CUT,+8,150,78,72,,,,False,cut,26329
153,J.T. Poston,Royal Troon,CUT,+8,150,78,72,,,,False,cut,49771
154,Charlie Lindh,Royal Troon,CUT,+8,150,75,75,,,,False,cut,48585
155,Sam Horsfield,Royal Troon,CUT,+8,150,75,75,,,,False,cut,47989
156,Nick Taylor,Royal Troon,CUT,+8,150,75,75,,,,False,cut,25493
157,Tyrrell Hatton,Royal Troon,CUT,+8,150,73,77,,,,False,cut,34363
158,Masahiro Kawamura,Royal Troon,CUT,+8,150,72,78,,,,False,cut,32815
159,C.T. Pan,Royal Troon,CUT,+9,151,79,72,,,,False,cut,29908
160,Jordan Smith,Royal Troon,CUT,+9,151,76,75,,,,False,cut,46464
161,Denny McCarthy,Royal Troon,CUT,+9,151,73,78,,,,False,cut,47993
162,Joost Luiten,Royal Troon,CUT,+9,151,75,76,,,,False,cut,28300
163,Min Woo Lee,Royal Troon,CUT,+9,151,71,80,,,,False,cut,37378
164,Ryo Hisatsune,Royal Troon,CUT,+9,151,76,75,,,,False,cut,51287
165,Francesco Molinari,Royal Troon,CUT,+9,151,73,78,,,,False,cut,25198
166,Matthew Southgate,Royal Troon,CUT,+9,151,73,78,,,,False,cut,35174
167,Zach Johnson,Royal Troon,CUT,+9,151,76,75,,,,False,cut,24024
168,Adam Schenk,Royal Troon,CUT,+9,151,74,77,,,,False,cut,47347
169,Tommy Fleetwood,Royal Troon,CUT,+9,151,76,75,,,,False,cut,30911
170,Ludvig Åberg,Royal Troon,CUT,+9,151,75,76,,,,False,cut,52955
171,Bryson DeChambeau,Royal Troon,CUT,+9,151,76,75,,,,False,cut,47959
172,Elvis Smylie,Royal Troon,CUT,+9,151,76,75,,,,False,cut,54185
173,Rikuya Hoshino,Royal Troon,CUT,+10,152,79,73,,,,False,cut,47056
174,Taylor Moore,Royal Troon,CUT,+10,152,78,74,,,,False,cut,49947
175,Yannik Paul,Royal Troon,CUT,+10,152,77,75,,,,False,cut,48051
176,Matthew Dodd-Berry,Royal Troon,CUT,+10,152,72,80,,,,True,cut,67092
177,Mike Hendry,Royal Troon,CUT,+10,152,74,78,,,,False,cut,29930
178,Ryosuke Kinoshita,Royal Troon,CUT,+10,152,75,77,,,,False,cut,34500
179,Jasper Stubbs,Royal Troon,CUT,+10,152,80,72,,,,True,cut,56513
180,Adam Hadwin,Royal Troon,CUT,+10,152,75,77,,,,False,cut,33399
181,Tony Finau,Royal Troon,CUT,+10,152,71,81,,,,False,cut,29725
182,Viktor Hovland,Royal Troon,CUT,+10,152,75,77,,,,False,cut,46717
183,Maverick McNealy,Royal Troon,CUT,+10,152,71,81,,,,False,cut,46442
184,Angel Hidalgo Portillo,Royal Troon,CUT,+11,153,77,76,,,,False,cut,64594
185,Altin van der Merwe,Royal Troon,CUT,+11,153,79,74,,,,True,cut,66063
186,Ben Griffin,Royal Troon,CUT,+11,153,79,74,,,,False,cut,54591
187,Jesper Svensson,Royal Troon,CUT,+11,153,72,81,,,,False,cut,57586
188,Stewart Cink,Royal Troon,CUT,+11,153,76,77,,,,False,cut,20229
189,Stephan Jaeger,Royal Troon,CUT,+11,153,74,79,,,,False,cut,36799
190,Tom Kim,Royal Troon,CUT,+11,153,76,77,,,,False,cut,55182
191,Rory McIlroy,Royal Troon,CUT,+11,153,78,75,,,,False,cut,28237
192,Cameron Smith,Royal Troon,CUT,+12,154,80,74,,,,False,cut,35891
193,Alexander Björk,Royal Troon,CUT,+12,154,73,81,,,,False,cut,34310
194,Sam Hutsby,Royal Troon,CUT,+12,154,74,80,,,,False,cut,29327
195,Ryan van Velzen,Royal Troon,CUT,+13,155,79,76,,,,False,cut,59629
196,Jaime Montojo,Royal Troon,CUT,+13,155,74,81,,,,True,cut,66106
197,Liam Nolan,Royal Troon,CUT,+13,155,78,77,,,,True,cut,65529
198,Dominic Clemons,Royal Troon,CUT,+13,155,77,78,,,,True,cut,67090
199,Lucas Glover,Royal Troon,CUT,+13,155,77,78,,,,False,cut,25900
200,Gordon Sargent,Royal Troon,CUT,+13,155,80,75,,,,True,cut,64442
201,David Puig,Royal Troon,CUT,+13,155,80,75,,,,False,cut,61193
202,Tiger Woods,Royal Troon,CUT,+14,156,79,77,,,,False,cut,08793
203,Santiago de la Fuente,Royal Troon,CUT,+14,156,78,78,,,,True,cut,61520
204,Sahith Theegala,Royal Troon,CUT,+14,156,77,79,,,,False,cut,51634
205,Mason Andersen,Royal Troon,CUT,+14,156,76,80,,,,False,cut,52370
206,Wyndham Clark,Royal Troon,CUT,+16,158,78,80,,,,False,cut,51766
207,Denwit David Boriboonsub,Royal Troon,CUT,+16,158,78,80,,,,False,cut,58065
208,Justin Leonard,Royal Troon,CUT,+16,158,80,78,,,,False,cut,10860
209,Keita Nakajima,Royal Troon,CUT,+17,159,80,79,,,,False,cut,49228
210,Guntaek Koh,Royal Troon,CUT,+18,160,81,79,,,,False,cut,51190
211,Dan Bradbury,Royal Troon,CUT,+18,160,83,77,,,,False,cut,63459
212,Todd Hamilton,Royal Troon,CUT,+20,162,82,80,,,,False,cut,01473
213,Aguri Iwasaki,Royal Troon,CUT,+23,165,74,91,,,,False,cut,59743
214,Romain Langasque,Royal Troon,WD,-,36,36,,,,,False,wd,37250
215,Ernie Els,Royal Troon,WD,-,82,82,,,,,False,wd,06522
216,John Daly,Royal Troon,WD,-,82,82,,,,,False,wd,01249
217,Bryson DeChambeau,Pinehurst Resort & Country Club (Course No. 2),1,-6,274,67,69,67,71,2:21pm,False,complete,47959
218,Rory McIlroy,Pinehurst Resort & Country Club (Course No. 2),2,-5,275,65,72,69,69,2:10pm,False,complete,28237
219,Tony Finau,Pinehurst Resort & Country Club (Course No. 2),T3,-4,276,68,69,72,67,1:48pm,False,complete,29725
220,Patrick Cantlay,Pinehurst Resort & Country Club (Course No. 2),T3,-4,276,65,71,70,70,2:10pm,False,complete,35450
221,Matthieu Pavon,Pinehurst Resort & Country Club (Course No. 2),5,-3,277,67,70,69,71,2:21pm,False,complete,48153
222,Hideki Matsuyama,Pinehurst Resort & Country Club (Course No. 2),6,-2,278,72,66,70,70,1:59pm,False,complete,32839
223,Russell Henley,Pinehurst Resort & Country Club (Course No. 2),T7,-1,279,70,70,72,67,12:48pm,False,complete,34098
224,Xander Schauffele,Pinehurst Resort & Country Club (Course No. 2),T7,-1,279,70,69,72,68,12:59pm,False,complete,48081
225,Sam Burns,Pinehurst Resort & Country Club (Course No. 2),T9,E,280,73,67,73,67,12:15pm,False,complete,47504
226,Davis Thompson,Pinehurst Resort & Country Club (Course No. 2),T9,E,280,70,72,70,68,12:59pm,False,complete,58168
227,Corey Conners,Pinehurst Resort & Country Club (Course No. 2),T9,E,280,69,70,71,70,1:37pm,False,complete,39997
228,Sergio Garcia,Pinehurst Resort & Country Club (Course No. 2),T12,+1,281,69,71,71,70,1:10pm,False,complete,21209
229,Ludvig Åberg,Pinehurst Resort & Country Club (Course No. 2),T12,+1,281,66,69,73,73,1:59pm,False,complete,52955
230,Thomas Detry,Pinehurst Resort & Country Club (Course No. 2),T14,+2,282,69,67,76,70,12:37pm,False,complete,33653
231,Collin Morikawa,Pinehurst Resort & Country Club (Course No. 2),T14,+2,282,70,74,66,72,1:37pm,False,complete,50525
232,Tommy Fleetwood,Pinehurst Resort & Country Club (Course No. 2),T16,+3,283,70,75,70,68,11:15am,False,complete,30911
233,Akshay Bhatia,Pinehurst Resort & Country Club (Course No. 2),T16,+3,283,68,71,73,71,12:48pm,False,complete,56630
234,Taylor Pendrith,Pinehurst Resort & Country Club (Course No. 2),T16,+3,283,71,70,70,72,1:10pm,False,complete,40250
235,Shane Lowry,Pinehurst Resort & Country Club (Course No. 2),T19,+4,284,74,71,70,69,11:31am,False,complete,33204
236,Aaron Rai,Pinehurst Resort & Country Club (Course No. 2),T19,+4,284,69,74,68,73,1:26pm,False,complete,46414
237,Max Greyserman,Pinehurst Resort & Country Club (Course No. 2),T21,+5,285,71,74,72,68,9:58am,False,complete,51977
238,Daniel Berger,Pinehurst Resort & Country Club (Course No. 2),T21,+5,285,73,70,73,69,10:09am,False,complete,40026
239,Min Woo Lee,Pinehurst Resort & Country Club (Course No. 2),T21,+5,285,73,69,72,71,11:53am,False,complete,37378
240,Stephan Jaeger,Pinehurst Resort & Country Club (Course No. 2),T21,+5,285,70,70,73,72,12:15pm,False,complete,36799
241,Brian Harman,Pinehurst Resort & Country Club (Course No. 2),T21,+5,285,71,71,71,72,12:26pm,False,complete,27644
242,Brooks Koepka,Pinehurst Resort & Country Club (Course No. 2),T26,+6,286,70,75,71,70,10:31am,False,complete,36689
243,Zac Blair,Pinehurst Resort & Country Club (Course No. 2),T26,+6,286,70,69,75,72,11:31am,False,complete,40058
244,Chris Kirk,Pinehurst Resort & Country Club (Course No. 2),T26,+6,286,71,71,72,72,11:42am,False,complete,30926
245,Neal Shipley,Pinehurst Resort & Country Club (Course No. 2),T26,+6,286,70,73,71,72,12:04pm,True,complete,63807
246,Tom Kim,Pinehurst Resort & Country Club (Course No. 2),T26,+6,286,71,68,71,76,1:26pm,False,complete,55182
247,Tyrrell Hatton,Pinehurst Resort & Country Club (Course No. 2),T26,+6,286,68,71,70,77,1:48pm,False,complete,34363
248,Adam Scott,Pinehurst Resort & Country Club (Course No. 2),T32,+7,287,70,72,76,69,9:09am,False,complete,24502
249,Si Woo Kim,Pinehurst Resort & Country Club (Course No. 2),T32,+7,287,71,72,74,70,9:47am,False,complete,37455
250,Sahith Theegala,Pinehurst Resort & Country Club (Course No. 2),T32,+7,287,77,68,72,70,9:58am,False,complete,51634
251,Keegan Bradley,Pinehurst Resort & Country Club (Course No. 2),T32,+7,287,74,70,72,71,10:09am,False,complete,33141
252,Isaiah Salinda,Pinehurst Resort & Country Club (Course No. 2),T32,+7,287,70,72,73,72,10:53am,False,complete,56781
253,Christiaan Bezuidenhout,Pinehurst Resort & Country Club (Course No. 2),T32,+7,287,72,71,72,72,10:53am,False,complete,45522
254,Cameron Smith,Pinehurst Resort & Country Club (Course No. 2),T32,+7,287,71,72,72,72,11:04am,False,complete,35891
255,J.T. Poston,Pinehurst Resort & Country Club (Course No. 2),T32,+7,287,73,71,71,72,11:15am,False,complete,49771
256,Denny McCarthy,Pinehurst Resort & Country Club (Course No. 2),T32,+7,287,75,67,72,73,11:53am,False,complete,47993
257,Frankie Capan III,Pinehurst Resort & Country Club (Course No. 2),T41,+8,288,71,70,76,71,9:25am,False,complete,49590
258,Harris English,Pinehurst Resort & Country Club (Course No. 2),T41,+8,288,70,73,74,71,9:36am,False,complete,34099
259,Jordan Spieth,Pinehurst Resort & Country Club (Course No. 2),T41,+8,288,72,71,74,71,9:47am,False,complete,34046
260,Scottie Scheffler,Pinehurst Resort & Country Club (Course No. 2),T41,+8,288,71,74,71,72,10:20am,False,complete,46046
261,Tom McKibbin,Pinehurst Resort & Country Club (Course No. 2),T41,+8,288,74,71,71,72,10:20am,False,complete,50823
262,Tim Widing,Pinehurst Resort & Country Club (Course No. 2),T41,+8,288,71,68,76,73,10:31am,False,complete,50474
263,Emiliano Grillo,Pinehurst Resort & Country Club (Course No. 2),T41,+8,288,70,72,73,73,10:42am,False,complete,31646
264,Billy Horschel,Pinehurst Resort & Country Club (Course No. 2),T41,+8,288,73,67,74,74,11:42am,False,complete,29420
265,Luke Clanton,Pinehurst Resort & Country Club (Course No. 2),T41,+8,288,76,69,69,74,12:04pm,True,complete,66743
266,Justin Lower,Pinehurst Resort & Country Club (Course No. 2),T50,+9,289,72,73,74,70,8:58am,False,complete,40162
267,Matt Kuchar,Pinehurst Resort & Country Club (Course No. 2),T50,+9,289,72,71,75,71,9:25am,False,complete,23108
268,Nicolai Højgaard,Pinehurst Resort & Country Club (Course No. 2),T50,+9,289,72,69,74,74,10:42am,False,complete,52453
269,Mark Hubbard,Pinehurst Resort & Country Club (Course No. 2),T50,+9,289,74,69,70,76,12:26pm,False,complete,36801
270,Nico Echavarria,Pinehurst Resort & Country Club (Course No. 2),54,+10,290,72,69,78,71,8:47am,False,complete,51349
271,David Puig,Pinehurst Resort & Country Club (Course No. 2),55,+11,291,76,68,69,78,12:37pm,False,complete,61193
272,Seonghyeon Kim,Pinehurst Resort & Country Club (Course No. 2),T56,+12,292,69,72,83,68,7:30am,False,complete,50188
273,Ben Kohles,Pinehurst Resort & Country Club (Course No. 2),T56,+12,292,77,68,76,71,8:03am,False,complete,36884
274,Ryan Fox,Pinehurst Resort & Country Club (Course No. 2),T56,+12,292,73,72,76,71,8:14am,False,complete,29936
275,Sepp Straka,Pinehurst Resort & Country Club (Course No. 2),T56,+12,292,70,72,78,72,8:25am,False,complete,49960
276,Greyson Sigg,Pinehurst Resort & Country Club (Course No. 2),T56,+12,292,76,69,75,72,8:36am,False,complete,51890
277,Brian Campbell,Pinehurst Resort & Country Club (Course No. 2),T56,+12,292,73,70,75,74,9:09am,False,complete,46443
278,Adam Svensson,Pinehurst Resort & Country Club (Course No. 2),T56,+12,292,73,70,74,75,9:36am,False,complete,40115
279,Wyndham Clark,Pinehurst Resort & Country Club (Course No. 2),T56,+12,292,73,71,71,77,11:04am,False,complete,51766
280,Matthew Fitzpatrick,Pinehurst Resort & Country Club (Course No. 2),T64,+13,293,73,72,79,69,7:41am,False,complete,40098
281,Francesco Molinari,Pinehurst Resort & Country Club (Course No. 2),T64,+13,293,73,72,77,71,8:03am,False,complete,25198
282,Martin Kaymer,Pinehurst Resort & Country Club (Course No. 2),T64,+13,293,70,73,77,73,8:25am,False,complete,27408
283,Cameron Young,Pinehurst Resort & Country Club (Course No. 2),T67,+14,294,73,72,75,74,8:36am,False,complete,57366
284,Brendon Todd,Pinehurst Resort & Country Club (Course No. 2),T67,+14,294,74,71,74,75,8:47am,False,complete,30927
285,Dean Burmester,Pinehurst Resort & Country Club (Course No. 2),69,+15,295,74,71,76,74,8:14am,False,complete,33974
286,Gunnar Broin,Pinehurst Resort & Country Club (Course No. 2),T70,+16,296,75,68,81,72,7:30am,True,complete,65880
287,Brandon Wu,Pinehurst Resort & Country Club (Course No. 2),T70,+16,296,74,71,78,73,7:52am,False,complete,52374
288,Sam Bennett,Pinehurst Resort & Country Club (Course No. 2),72,+17,297,69,72,77,79,8:58am,False,complete,59652
289,Jackson Suber,Pinehurst Resort & Country Club (Course No. 2),73,+18,298,69,73,81,75,7:41am,False,complete,60019
290,Austin Eckroat,Pinehurst Resort & Country Club (Course No. 2),74,+20,300,72,72,78,78,7:52am,False,complete,57362
291,Frederik Kjettrup,Pinehurst Resort & Country Club (Course No. 2),CUT,+6,146,72,74,,,,False,cut,55077
292,Robert MacIntyre,Pinehurst Resort & Country Club (Course No. 2),CUT,+6,146,70,76,,,,False,cut,52215
293,Taisei Shimizu,Pinehurst Resort & Country Club (Course No. 2),CUT,+6,146,71,75,,,,False,cut,66583
294,Jason Scrivener,Pinehurst Resort & Country Club (Course No. 2),CUT,+6,146,74,72,,,,False,cut,31569
295,Nick Dunlap,Pinehurst Resort & Country Club (Course No. 2),CUT,+6,146,73,73,,,,False,cut,59866
296,Viktor Hovland,Pinehurst Resort & Country Club (Course No. 2),CUT,+6,146,78,68,,,,False,cut,46717
297,Eric Cole,Pinehurst Resort & Country Club (Course No. 2),CUT,+6,146,73,73,,,,False,cut,47591
298,Max Homa,Pinehurst Resort & Country Club (Course No. 2),CUT,+6,146,71,75,,,,False,cut,39977
299,Justin Rose,Pinehurst Resort & Country Club (Course No. 2),CUT,+6,146,73,73,,,,False,cut,22405
300,Jackson Buchanan,Pinehurst Resort & Country Club (Course No. 2),CUT,+6,146,76,70,,,,True,cut,66742
301,Brandon Robinson Thompson,Pinehurst Resort & Country Club (Course No. 2),CUT,+6,146,72,74,,,,False,cut,65374
302,Ben James,Pinehurst Resort & Country Club (Course No. 2),CUT,+6,146,75,71,,,,True,cut,57869
303,Bryan Kim,Pinehurst Resort & Country Club (Course No. 2),CUT,+6,146,72,74,,,,True,cut,66346
304,Kurt Kitayama,Pinehurst Resort & Country Club (Course No. 2),CUT,+7,147,73,74,,,,False,cut,48117
305,Tiger Woods,Pinehurst Resort & Country Club (Course No. 2),CUT,+7,147,74,73,,,,False,cut,08793
306,Adam Hadwin,Pinehurst Resort & Country Club (Course No. 2),CUT,+7,147,74,73,,,,False,cut,33399
307,Peter Malnati,Pinehurst Resort & Country Club (Course No. 2),CUT,+7,147,74,73,,,,False,cut,34466
308,Rico Hoey,Pinehurst Resort & Country Club (Course No. 2),CUT,+7,147,77,70,,,,False,cut,51696
309,Omar Morales,Pinehurst Resort & Country Club (Course No. 2),CUT,+7,147,73,74,,,,True,cut,64690
310,Seamus Power,Pinehurst Resort & Country Club (Course No. 2),CUT,+7,147,71,76,,,,False,cut,28252
311,Parker Bell,Pinehurst Resort & Country Club (Course No. 2),CUT,+7,147,77,70,,,,True,cut,66624
312,Ryo Ishikawa,Pinehurst Resort & Country Club (Course No. 2),CUT,+8,148,76,72,,,,False,cut,30852
313,Alex Noren,Pinehurst Resort & Country Club (Course No. 2),CUT,+8,148,73,75,,,,False,cut,27349
314,Taylor Moore,Pinehurst Resort & Country Club (Course No. 2),CUT,+8,148,76,72,,,,False,cut,49947
315,Webb Simpson,Pinehurst Resort & Country Club (Course No. 2),CUT,+8,148,75,73,,,,False,cut,29221
316,Erik van Rooyen,Pinehurst Resort & Country Club (Course No. 2),CUT,+8,148,76,72,,,,False,cut,40006
317,Richard Mansell,Pinehurst Resort & Country Club (Course No. 2),CUT,+8,148,78,70,,,,False,cut,54190
318,Will Zalatoris,Pinehurst Resort & Country Club (Course No. 2),CUT,+8,148,75,73,,,,False,cut,47483
319,Rickie Fowler,Pinehurst Resort & Country Club (Course No. 2),CUT,+8,148,71,77,,,,False,cut,32102
320,Chesson Hadley,Pinehurst Resort & Country Club (Course No. 2),CUT,+8,148,75,73,,,,False,cut,34563
321,Tom Hoge,Pinehurst Resort & Country Club (Course No. 2),CUT,+8,148,75,73,,,,False,cut,35532
322,Nick Taylor,Pinehurst Resort & Country Club (Course No. 2),CUT,+8,148,74,74,,,,False,cut,25493
323,Jason Day,Pinehurst Resort & Country Club (Course No. 2),CUT,+8,148,71,77,,,,False,cut,28089
324,Eugenio Chacarra,Pinehurst Resort & Country Club (Course No. 2),CUT,+8,148,75,73,,,,False,cut,57492
325,Victor Perez,Pinehurst Resort & Country Club (Course No. 2),CUT,+9,149,75,74,,,,False,cut,47679
326,Logan McAllister,Pinehurst Resort & Country Club (Course No. 2),CUT,+9,149,70,79,,,,False,cut,60015
327,Cam Davis,Pinehurst Resort & Country Club (Course No. 2),CUT,+9,149,77,72,,,,False,cut,45157
328,Hiroshi Tai,Pinehurst Resort & Country Club (Course No. 2),CUT,+9,149,75,74,,,,True,cut,55741
329,Joey Vrzich,Pinehurst Resort & Country Club (Course No. 2),CUT,+9,149,76,73,,,,False,cut,59203
330,Dustin Johnson,Pinehurst Resort & Country Club (Course No. 2),CUT,+9,149,74,75,,,,False,cut,30925
331,Chris Petefish,Pinehurst Resort & Country Club (Course No. 2),CUT,+9,149,77,72,,,,False,cut,54792
332,Edoardo Molinari,Pinehurst Resort & Country Club (Course No. 2),CUT,+9,149,72,77,,,,False,cut,23814
333,Mac Meissner,Pinehurst Resort & Country Club (Course No. 2),CUT,+9,149,72,77,,,,False,cut,59143
334,Robert Rock,Pinehurst Resort & Country Club (Course No. 2),CUT,+9,149,70,79,,,,False,cut,26539
335,Sung Kang,Pinehurst Resort & Country Club (Course No. 2),CUT,+9,149,74,75,,,,False,cut,27974
336,Beau Hossler,Pinehurst Resort & Country Club (Course No. 2),CUT,+10,150,74,76,,,,False,cut,35461
337,Gary Woodland,Pinehurst Resort & Country Club (Course No. 2),CUT,+10,150,72,78,,,,False,cut,31323
338,Sungjae Im,Pinehurst Resort & Country Club (Course No. 2),CUT,+10,150,74,76,,,,False,cut,39971
339,Takumi Kanaya,Pinehurst Resort & Country Club (Course No. 2),CUT,+10,150,76,74,,,,False,cut,47917
340,Ashton McCulloch,Pinehurst Resort & Country Club (Course No. 2),CUT,+10,150,75,75,,,,True,cut,59409
341,Adam Schenk,Pinehurst Resort & Country Club (Course No. 2),CUT,+11,151,79,72,,,,False,cut,47347
342,Michael McGowan,Pinehurst Resort & Country Club (Course No. 2),CUT,+11,151,77,74,,,,False,cut,47349
343,Justin Thomas,Pinehurst Resort & Country Club (Course No. 2),CUT,+11,151,77,74,,,,False,cut,33448
344,Brendan Valdes,Pinehurst Resort & Country Club (Course No. 2),CUT,+11,151,76,75,,,,True,cut,65110
345,Harry Higgs,Pinehurst Resort & Country Club (Course No. 2),CUT,+11,151,76,75,,,,False,cut,33597
346,Wells Williams,Pinehurst Resort & Country Club (Course No. 2),CUT,+11,151,75,76,,,,True,cut,66745
347,Sam Bairstow,Pinehurst Resort & Country Club (Course No. 2),CUT,+11,151,84,67,,,,False,cut,60369
348,Andrew Svoboda,Pinehurst Resort & Country Club (Course No. 2),CUT,+11,151,75,76,,,,False,cut,29425
349,Carter Jenkins,Pinehurst Resort & Country Club (Course No. 2),CUT,+11,151,73,78,,,,False,cut,35437
350,Willie Mack III,Pinehurst Resort & Country Club (Course No. 2),CUT,+11,151,71,80,,,,False,cut,50006
351,Casey Jarvis,Pinehurst Resort & Country Club (Course No. 2),CUT,+11,151,73,78,,,,False,cut,57688
352,Gordon Sargent,Pinehurst Resort & Country Club (Course No. 2),CUT,+11,151,73,78,,,,True,cut,64442
353,Jake Knapp,Pinehurst Resort & Country Club (Course No. 2),CUT,+12,152,75,77,,,,False,cut,47420
354,Byeong Hun An,Pinehurst Resort & Country Club (Course No. 2),CUT,+12,152,74,78,,,,False,cut,33948
355,Adrian Meronk,Pinehurst Resort & Country Club (Course No. 2),CUT,+12,152,76,76,,,,False,cut,33674
356,Santiago de la Fuente,Pinehurst Resort & Country Club (Course No. 2),CUT,+13,153,78,75,,,,True,cut,61520
357,Grant Forrest,Pinehurst Resort & Country Club (Course No. 2),CUT,+13,153,77,76,,,,False,cut,37066
358,John Chin,Pinehurst Resort & Country Club (Course No. 2),CUT,+13,153,75,78,,,,False,cut,34306
359,Lucas Glover,Pinehurst Resort & Country Club (Course No. 2),CUT,+13,153,74,79,,,,False,cut,25900
360,Jim Herman,Pinehurst Resort & Country Club (Course No. 2),CUT,+13,153,74,79,,,,False,cut,31557
361,Mackenzie Hughes,Pinehurst Resort & Country Club (Course No. 2),CUT,+14,154,72,82,,,,False,cut,35506
362,Maxwell Moldovan,Pinehurst Resort & Country Club (Course No. 2),CUT,+14,154,80,74,,,,False,cut,57860
363,Stewart Hagestad,Pinehurst Resort & Country Club (Course No. 2),CUT,+14,154,79,75,,,,True,cut,51586
364,Matteo Manassero,Pinehurst Resort & Country Club (Course No. 2),CUT,+14,154,79,75,,,,False,cut,33199
365,Carson Schaake,Pinehurst Resort & Country Club (Course No. 2),CUT,+15,155,79,76,,,,False,cut,48102
366,Phil Mickelson,Pinehurst Resort & Country Club (Course No. 2),CUT,+15,155,79,76,,,,False,cut,01810
367,Chris Naegel,Pinehurst Resort & Country Club (Course No. 2),CUT,+15,155,81,74,,,,False,cut,39537
368,Colin Prater,Pinehurst Resort & Country Club (Course No. 2),CUT,+17,157,79,78,,,,True,cut,66744
369,Riki Kawamoto,Pinehurst Resort & Country Club (Course No. 2),CUT,+19,159,77,82,,,,False,cut,51366
370,Rikuya Hoshino,Pinehurst Resort & Country Club (Course No. 2),CUT,+19,159,78,81,,,,False,cut,47056
371,Otto Black,Pinehurst Resort & Country Club (Course No. 2),CUT,+19,159,79,80,,,,False,cut,49371
372,Charlie Reiter,Pinehurst Resort & Country Club (Course No. 2),CUT,+20,160,80,80,,,,False,cut,54303
373,Xander Schauffele,Valhalla Golf Club,1,-21,263,62,68,68,65,2:35pm,False,complete,48081
374,Bryson DeChambeau,Valhalla Golf Club,2,-20,264,68,65,67,64,2:15pm,False,complete,47959
375,Viktor Hovland,Valhalla Golf Club,3,-18,266,68,66,66,66,2:15pm,False,complete,46717
376,Thomas Detry,Valhalla Golf Club,T4,-15,269,66,67,70,66,1:15pm,False,complete,33653
377,Collin Morikawa,Valhalla Golf Club,T4,-15,269,66,65,67,71,2:35pm,False,complete,50525
378,Justin Rose,Valhalla Golf Club,T6,-14,270,70,67,64,69,2:05pm,False,complete,22405
379,Shane Lowry,Valhalla Golf Club,T6,-14,270,69,69,62,70,2:25pm,False,complete,33204
380,Billy Horschel,Valhalla Golf Club,T8,-13,271,69,69,69,64,11:45am,False,complete,29420
381,Scottie Scheffler,Valhalla Golf Club,T8,-13,271,67,66,73,65,12:15pm,False,complete,46046
382,Justin Thomas,Valhalla Golf Club,T8,-13,271,69,67,67,68,1:35pm,False,complete,33448
383,Robert MacIntyre,Valhalla Golf Club,T8,-13,271,66,69,66,70,2:05pm,False,complete,52215
384,Alex Noren,Valhalla Golf Club,T12,-12,272,67,70,70,65,11:25am,False,complete,27349
385,Rory McIlroy,Valhalla Golf Club,T12,-12,272,66,71,68,67,12:45pm,False,complete,28237
386,Taylor Moore,Valhalla Golf Club,T12,-12,272,67,68,69,68,1:05pm,False,complete,49947
387,Dean Burmester,Valhalla Golf Club,T12,-12,272,69,65,68,70,1:55pm,False,complete,33974
388,Lee Hodges,Valhalla Golf Club,T12,-12,272,71,65,67,69,1:55pm,False,complete,54628
389,Sahith Theegala,Valhalla Golf Club,T12,-12,272,65,67,67,73,2:25pm,False,complete,51634
390,Ryo Hisatsune,Valhalla Golf Club,T18,-11,273,71,68,67,67,12:35pm,False,complete,51287
391,Keegan Bradley,Valhalla Golf Club,T18,-11,273,69,67,68,69,1:05pm,False,complete,33141
392,Harris English,Valhalla Golf Club,T18,-11,273,68,67,68,70,1:25pm,False,complete,34099
393,Austin Eckroat,Valhalla Golf Club,T18,-11,273,67,67,69,70,1:25pm,False,complete,57362
394,Tony Finau,Valhalla Golf Club,T18,-11,273,65,69,69,70,1:35pm,False,complete,29725
395,Maverick McNealy,Valhalla Golf Club,T23,-10,274,66,72,69,67,11:45am,False,complete,46442
396,Tom Hoge,Valhalla Golf Club,T23,-10,274,66,73,68,67,12:05pm,False,complete,35532
397,Russell Henley,Valhalla Golf Club,T23,-10,274,70,69,66,69,12:55pm,False,complete,34098
398,Tommy Fleetwood,Valhalla Golf Club,T26,-9,275,72,69,69,65,9:15am,False,complete,30911
399,Brooks Koepka,Valhalla Golf Club,T26,-9,275,67,68,74,66,10:05am,False,complete,36689
400,Corey Conners,Valhalla Golf Club,T26,-9,275,70,71,67,67,10:35am,False,complete,39997
401,Brian Harman,Valhalla Golf Club,T26,-9,275,72,68,68,67,10:45am,False,complete,27644
402,Min Woo Lee,Valhalla Golf Club,T26,-9,275,72,66,70,67,10:55am,False,complete,37378
403,Kurt Kitayama,Valhalla Golf Club,T26,-9,275,68,70,70,67,11:05am,False,complete,48117
404,Ben Kohles,Valhalla Golf Club,T26,-9,275,67,73,67,68,11:15am,False,complete,36884
405,Mark Hubbard,Valhalla Golf Club,T26,-9,275,65,68,73,69,12:15pm,False,complete,36801
406,Tom Kim,Valhalla Golf Club,T26,-9,275,66,71,68,70,12:45pm,False,complete,55182
407,Brice Garnett,Valhalla Golf Club,T35,-8,276,72,67,69,68,10:55am,False,complete,29535
408,Doug Ghim,Valhalla Golf Club,T35,-8,276,69,68,70,69,11:25am,False,complete,52375
409,Max Homa,Valhalla Golf Club,T35,-8,276,68,70,69,69,12:05pm,False,complete,39977
410,Hideki Matsuyama,Valhalla Golf Club,T35,-8,276,70,65,70,71,12:35pm,False,complete,32839
411,Jordan Smith,Valhalla Golf Club,T39,-7,277,70,71,72,64,8:05am,False,complete,46464
412,Joaquin Niemann,Valhalla Golf Club,T39,-7,277,73,68,69,67,9:25am,False,complete,45486
413,Alexander Björk,Valhalla Golf Club,T39,-7,277,71,67,71,68,10:25am,False,complete,34310
414,Aaron Rai,Valhalla Golf Club,T39,-7,277,68,68,70,71,12:25pm,False,complete,46414
415,Dustin Johnson,Valhalla Golf Club,T43,-6,278,73,68,71,66,8:15am,False,complete,30925
416,Grayson Murray,Valhalla Golf Club,T43,-6,278,72,68,71,67,8:55am,False,complete,34213
417,Byeong Hun An,Valhalla Golf Club,T43,-6,278,71,67,72,68,9:45am,False,complete,33948
418,Adam Svensson,Valhalla Golf Club,T43,-6,278,70,69,70,69,10:15am,False,complete,40115
419,Lucas Glover,Valhalla Golf Club,T43,-6,278,71,68,70,69,10:25am,False,complete,25900
420,Will Zalatoris,Valhalla Golf Club,T43,-6,278,71,68,69,70,11:05am,False,complete,47483
421,Jason Day,Valhalla Golf Club,T43,-6,278,71,67,69,71,11:35am,False,complete,28089
422,Matt Wallace,Valhalla Golf Club,T43,-6,278,70,65,71,72,12:25pm,False,complete,48887
423,Jordan Spieth,Valhalla Golf Club,T43,-6,278,69,69,67,73,12:55pm,False,complete,34046
424,Lucas Herbert,Valhalla Golf Club,T43,-6,278,69,67,68,74,1:15pm,False,complete,39058
425,Andrew Putnam,Valhalla Golf Club,T53,-5,279,68,72,72,67,8:25am,False,complete,34256
426,Erik van Rooyen,Valhalla Golf Club,T53,-5,279,72,68,71,68,8:45am,False,complete,40006
427,Patrick Cantlay,Valhalla Golf Club,T53,-5,279,70,68,73,68,9:05am,False,complete,35450
428,Jesper Svensson,Valhalla Golf Club,T53,-5,279,68,71,72,68,9:15am,False,complete,57586
429,Patrick Reed,Valhalla Golf Club,T53,-5,279,69,70,71,69,9:35am,False,complete,34360
430,Thorbjørn Olesen,Valhalla Golf Club,T53,-5,279,69,71,69,70,10:15am,False,complete,33968
431,Zac Blair,Valhalla Golf Club,T53,-5,279,73,66,68,72,11:35am,False,complete,40058
432,Talor Gooch,Valhalla Golf Club,T60,-4,280,71,70,70,69,8:35am,False,complete,46402
433,Adam Hadwin,Valhalla Golf Club,T60,-4,280,68,72,71,69,8:45am,False,complete,33399
434,Gary Woodland,Valhalla Golf Club,T60,-4,280,71,69,71,69,8:55am,False,complete,31323
435,S.H. Kim,Valhalla Golf Club,T63,-3,281,69,72,71,69,8:15am,False,complete,50188
436,Rickie Fowler,Valhalla Golf Club,T63,-3,281,72,69,69,71,9:25am,False,complete,32102
437,Cameron Young,Valhalla Golf Club,T63,-3,281,69,71,70,71,9:35am,False,complete,57366
438,Tyrrell Hatton,Valhalla Golf Club,T63,-3,281,71,69,68,73,10:35am,False,complete,34363
439,Cameron Smith,Valhalla Golf Club,T63,-3,281,68,70,70,73,11:15am,False,complete,35891
440,Sebastian Soderberg,Valhalla Golf Club,T68,-2,282,73,67,74,68,7:55am,False,complete,46405
441,Rasmus Højgaard,Valhalla Golf Club,T68,-2,282,68,72,73,69,8:05am,False,complete,52686
442,Luke Donald,Valhalla Golf Club,T68,-2,282,70,69,72,71,9:05am,False,complete,23983
443,Nicolai Højgaard,Valhalla Golf Club,T68,-2,282,70,71,68,73,10:05am,False,complete,52453
444,Braden Shattuck,Valhalla Golf Club,72,-1,283,71,70,68,74,9:45am,False,complete,63181
445,Alejandro Tosti,Valhalla Golf Club,T73,E,284,68,69,79,68,7:45am,False,complete,38991
446,Martin Kaymer,Valhalla Golf Club,T73,E,284,68,72,68,76,10:45am,False,complete,27408
447,Ryan Fox,Valhalla Golf Club,75,+2,286,72,68,72,74,8:25am,False,complete,29936
448,Stephan Jaeger,Valhalla Golf Club,76,+5,289,70,71,70,78,8:35am,False,complete,36799
449,Jeremy Wells,Valhalla Golf Club,77,+6,290,69,71,75,75,7:45am,False,complete,46628
450,Brendon Todd,Valhalla Golf Club,78,+9,293,70,70,74,79,7:55am,False,complete,30927
451,Kyle Mendoza,Valhalla Golf Club,CUT,E,142,72,70,,,,False,cut,58381
452,Peter Malnati,Valhalla Golf Club,CUT,E,142,72,70,,,,False,cut,34466
453,C.T. Pan,Valhalla Golf Club,CUT,E,142,73,69,,,,False,cut,29908
454,Keith Mitchell,Valhalla Golf Club,CUT,E,142,71,71,,,,False,cut,39546
455,Ben Polland,Valhalla Golf Club,CUT,E,142,73,69,,,,False,cut,47567
456,Ludvig Åberg,Valhalla Golf Club,CUT,E,142,72,70,,,,False,cut,52955
457,Matt Fitzpatrick,Valhalla Golf Club,CUT,E,142,69,73,,,,False,cut,40098
458,Jon Rahm,Valhalla Golf Club,CUT,E,142,70,72,,,,False,cut,46970
459,Adrian Otaegui,Valhalla Golf Club,CUT,E,142,70,72,,,,False,cut,34575
460,Christiaan Bezuidenhout,Valhalla Golf Club,CUT,E,142,74,68,,,,False,cut,45522
461,Eric Cole,Valhalla Golf Club,CUT,E,142,71,71,,,,False,cut,47591
462,Sami Valimaki,Valhalla Golf Club,CUT,E,142,70,72,,,,False,cut,52666
463,Jesse Mueller,Valhalla Golf Club,CUT,E,142,70,72,,,,False,cut,28593
464,Jason Dufner,Valhalla Golf Club,CUT,+1,143,68,75,,,,False,cut,25686
465,Taylor Pendrith,Valhalla Golf Club,CUT,+1,143,72,71,,,,False,cut,40250
466,Adam Schenk,Valhalla Golf Club,CUT,+1,143,71,72,,,,False,cut,47347
467,Charley Hoffman,Valhalla Golf Club,CUT,+1,143,71,72,,,,False,cut,12716
468,Adrian Meronk,Valhalla Golf Club,CUT,+1,143,74,69,,,,False,cut,33674
469,Akshay Bhatia,Valhalla Golf Club,CUT,+1,143,73,70,,,,False,cut,56630
470,Tim Widing,Valhalla Golf Club,CUT,+1,143,70,73,,,,False,cut,50474
471,Nick Taylor,Valhalla Golf Club,CUT,+1,143,72,71,,,,False,cut,25493
472,Sepp Straka,Valhalla Golf Club,CUT,+2,144,71,73,,,,False,cut,49960
473,Jake Knapp,Valhalla Golf Club,CUT,+2,144,75,69,,,,False,cut,47420
474,Andrew Svoboda,Valhalla Golf Club,CUT,+2,144,74,70,,,,False,cut,29425
475,Mackenzie Hughes,Valhalla Golf Club,CUT,+2,144,74,70,,,,False,cut,35506
476,Emiliano Grillo,Valhalla Golf Club,CUT,+2,144,71,73,,,,False,cut,31646
477,Vincent Norrman,Valhalla Golf Club,CUT,+2,144,72,72,,,,False,cut,51070
478,Beau Hossler,Valhalla Golf Club,CUT,+2,144,72,72,,,,False,cut,35461
479,Takumi Kanaya,Valhalla Golf Club,CUT,+2,144,75,69,,,,False,cut,47917
480,Sungjae Im,Valhalla Golf Club,CUT,+3,145,73,72,,,,False,cut,39971
481,David Puig,Valhalla Golf Club,CUT,+3,145,72,73,,,,False,cut,61193
482,Adam Scott,Valhalla Golf Club,CUT,+3,145,72,73,,,,False,cut,24502
483,Tyler Collet,Valhalla Golf Club,CUT,+3,145,73,72,,,,False,cut,59570
484,Sam Burns,Valhalla Golf Club,CUT,+3,145,72,73,,,,False,cut,47504
485,Evan Bowser,Valhalla Golf Club,CUT,+3,145,72,73,,,,False,cut,51735
486,Chris Gotterup,Valhalla Golf Club,CUT,+3,145,74,71,,,,False,cut,59095
487,Denny McCarthy,Valhalla Golf Club,CUT,+4,146,73,73,,,,False,cut,47993
488,Phil Mickelson,Valhalla Golf Club,CUT,+4,146,74,72,,,,False,cut,01810
489,Wyndham Clark,Valhalla Golf Club,CUT,+4,146,71,75,,,,False,cut,51766
490,Patrick Rodgers,Valhalla Golf Club,CUT,+4,146,70,76,,,,False,cut,36699
491,Ryan van Velzen,Valhalla Golf Club,CUT,+4,146,75,71,,,,False,cut,59629
492,Keita Nakajima,Valhalla Golf Club,CUT,+4,146,71,75,,,,False,cut,49228
493,Luke List,Valhalla Golf Club,CUT,+4,146,69,77,,,,False,cut,27129
494,Francesco Molinari,Valhalla Golf Club,CUT,+4,146,71,75,,,,False,cut,25198
495,Alex Smalley,Valhalla Golf Club,CUT,+5,147,74,73,,,,False,cut,46340
496,Nick Dunlap,Valhalla Golf Club,CUT,+5,147,74,73,,,,False,cut,59866
497,Y.E. Yang,Valhalla Golf Club,CUT,+5,147,74,73,,,,False,cut,24663
498,Wyatt Worthington II,Valhalla Golf Club,CUT,+5,147,72,75,,,,False,cut,50012
499,Chris Kirk,Valhalla Golf Club,CUT,+5,147,73,74,,,,False,cut,30926
500,Si Woo Kim,Valhalla Golf Club,CUT,+5,147,73,74,,,,False,cut,37455
501,J.T. Poston,Valhalla Golf Club,CUT,+5,147,72,75,,,,False,cut,49771
502,Jimmy Walker,Valhalla Golf Club,CUT,+6,148,72,76,,,,False,cut,25632
503,John Somers,Valhalla Golf Club,CUT,+6,148,76,72,,,,False,cut,56297
504,Andy Ogletree,Valhalla Golf Club,CUT,+6,148,73,75,,,,False,cut,57944
505,Tiger Woods,Valhalla Golf Club,CUT,+7,149,72,77,,,,False,cut,08793
506,Cam Davis,Valhalla Golf Club,CUT,+7,149,78,71,,,,False,cut,45157
507,Michael Block,Valhalla Golf Club,CUT,+7,149,76,73,,,,False,cut,22764
508,Kazuma Kobori,Valhalla Golf Club,CUT,+8,150,73,77,,,,False,cut,54621
509,Jared Jones,Valhalla Golf Club,CUT,+8,150,73,77,,,,False,cut,58391
510,Victor Perez,Valhalla Golf Club,CUT,+8,150,79,71,,,,False,cut,47679
511,Brad Marek,Valhalla Golf Club,CUT,+9,151,73,78,,,,False,cut,59872
512,Padraig Harrington,Valhalla Golf Club,CUT,+10,152,77,75,,,,False,cut,20766
513,Josh Speight,Valhalla Golf Club,CUT,+10,152,74,78,,,,False,cut,50717
514,Shaun Micheel,Valhalla Golf Club,CUT,+10,152,76,76,,,,False,cut,06515
515,Zac Oakley,Valhalla Golf Club,CUT,+10,152,77,75,,,,False,cut,62848
516,Thriston Lawrence,Valhalla Golf Club,CUT,+11,153,75,78,,,,False,cut,45523
517,Matthieu Pavon,Valhalla Golf Club,CUT,+11,153,76,77,,,,False,cut,48153
518,Josh Bevell,Valhalla Golf Club,CUT,+11,153,73,80,,,,False,cut,66506
519,Camilo Villegas,Valhalla Golf Club,CUT,+11,153,79,74,,,,False,cut,27770
520,Tracy Phillips,Valhalla Golf Club,CUT,+13,155,75,80,,,,False,cut,46374
521,Larkin Gross,Valhalla Golf Club,CUT,+14,156,79,77,,,,False,cut,59869
522,Matt Dobyns,Valhalla Golf Club,CUT,+14,156,76,80,,,,False,cut,36983
523,Preston Cole,Valhalla Golf Club,CUT,+16,158,75,83,,,,False,cut,51458
524,Jeff Kellen,Valhalla Golf Club,CUT,+17,159,87,72,,,,False,cut,39992
525,Rich Beem,Valhalla Golf Club,CUT,+20,162,79,83,,,,False,cut,23614
526,John Daly,Valhalla Golf Club,WD,-,82,82,,,,,False,wd,01249
527,Ben Griffin,Valhalla Golf Club,WD,-,138,73,65,,,,False,wd,54591
528,K.H. Lee,Valhalla Golf Club,WD,-,140,74,66,,,,False,wd,32791
529,Scottie Scheffler,Augusta National Golf Club,1,-11,277,66,72,71,68,2:35pm,False,complete,46046
530,Ludvig Åberg,Augusta National Golf Club,2,-7,281,73,69,70,69,2:25pm,False,complete,52955
531,Tommy Fleetwood,Augusta National Golf Club,T3,-4,284,72,71,72,69,1:45pm,False,complete,30911
532,Max Homa,Augusta National Golf Club,T3,-4,284,67,71,73,73,2:25pm,False,complete,39977
533,Collin Morikawa,Augusta National Golf Club,T3,-4,284,71,70,69,74,2:35pm,False,complete,50525
534,Cameron Smith,Augusta National Golf Club,T6,-2,286,71,72,72,71,1:55pm,False,complete,35891
535,Bryson DeChambeau,Augusta National Golf Club,T6,-2,286,65,73,75,73,2:15pm,False,complete,47959
536,Xander Schauffele,Augusta National Golf Club,8,-1,287,72,72,70,73,2:15pm,False,complete,48081
537,Will Zalatoris,Augusta National Golf Club,T9,E,288,70,77,72,69,12:35pm,False,complete,47483
538,Tyrrell Hatton,Augusta National Golf Club,T9,E,288,72,74,73,69,12:35pm,False,complete,34363
539,Cameron Young,Augusta National Golf Club,T9,E,288,70,73,72,73,1:45pm,False,complete,57366
540,Matthieu Pavon,Augusta National Golf Club,T12,+1,289,70,73,74,72,12:55pm,False,complete,48153
541,Patrick Reed,Augusta National Golf Club,T12,+1,289,74,70,73,72,1:05pm,False,complete,34360
542,Adam Schenk,Augusta National Golf Club,T12,+1,289,73,71,72,73,1:15pm,False,complete,47347
543,Cameron Davis,Augusta National Golf Club,T12,+1,289,69,72,73,75,2:05pm,False,complete,45157
544,Sepp Straka,Augusta National Golf Club,T16,+2,290,73,71,74,72,12:55pm,False,complete,49960
545,Chris Kirk,Augusta National Golf Club,T16,+2,290,74,75,68,73,1:15pm,False,complete,30926
546,Byeong Hun An,Augusta National Golf Club,T16,+2,290,70,73,72,75,1:55pm,False,complete,33948
547,Nicolai Højgaard,Augusta National Golf Club,T16,+2,290,67,73,74,76,2:05pm,False,complete,52453
548,Taylor Moore,Augusta National Golf Club,T20,+3,291,71,75,75,70,11:25am,False,complete,49947
549,Lucas Glover,Augusta National Golf Club,T20,+3,291,71,73,72,75,1:25pm,False,complete,25900
550,Keegan Bradley,Augusta National Golf Club,T22,+4,292,78,71,74,69,10:35am,False,complete,33141
551,Min Woo Lee,Augusta National Golf Club,T22,+4,292,74,74,75,69,10:35am,False,complete,37378
552,Harris English,Augusta National Golf Club,T22,+4,292,72,74,75,71,11:35am,False,complete,34099
553,Adam Scott,Augusta National Golf Club,T22,+4,292,76,74,70,72,12:25pm,False,complete,24502
554,Rory McIlroy,Augusta National Golf Club,T22,+4,292,71,77,71,73,12:45pm,False,complete,28237
555,Joaquín Niemann,Augusta National Golf Club,T22,+4,292,70,78,71,73,12:45pm,False,complete,45486
556,Matt Fitzpatrick,Augusta National Golf Club,T22,+4,292,71,73,73,75,1:05pm,False,complete,40098
557,Patrick Cantlay,Augusta National Golf Club,T22,+4,292,71,75,70,76,1:25pm,False,complete,35450
558,Tom Kim,Augusta National Golf Club,T30,+5,293,72,78,77,66,9:45am,False,complete,55182
559,Jason Day,Augusta National Golf Club,T30,+5,293,75,73,76,69,10:25am,False,complete,28089
560,Si Woo Kim,Augusta National Golf Club,T30,+5,293,74,76,73,70,10:45am,False,complete,37455
561,J. T. Poston,Augusta National Golf Club,T30,+5,293,75,74,74,70,10:45am,False,complete,49771
562,Rickie Fowler,Augusta National Golf Club,T30,+5,293,76,74,71,72,12:05pm,False,complete,32102
563,Kurt Kitayama,Augusta National Golf Club,T35,+6,294,71,73,82,68,9:55am,False,complete,48117
564,Camilo Villegas,Augusta National Golf Club,T35,+6,294,74,75,76,69,10:15am,False,complete,27770
565,Akshay Bhatia,Augusta National Golf Club,T35,+6,294,72,75,74,73,11:35am,False,complete,56630
566,Russell Henley,Augusta National Golf Club,T38,+7,295,73,77,74,71,10:25am,False,complete,34098
567,Corey Conners,Augusta National Golf Club,T38,+7,295,70,76,76,73,11:05am,False,complete,39997
568,Hideki Matsuyama,Augusta National Golf Club,T38,+7,295,76,74,71,74,11:55am,False,complete,32839
569,Luke List,Augusta National Golf Club,T38,+7,295,75,75,71,74,11:55am,False,complete,27129
570,Ryan Fox,Augusta National Golf Club,T38,+7,295,69,74,77,75,12:05pm,False,complete,29936
571,Phil Mickelson,Augusta National Golf Club,T43,+8,296,73,75,74,74,11:15am,False,complete,01810
572,Shane Lowry,Augusta National Golf Club,T43,+8,296,73,74,75,74,11:15am,False,complete,33204
573,Denny McCarthy,Augusta National Golf Club,T45,+9,297,74,74,79,70,9:45am,False,complete,47993
574,José María Olazábal,Augusta National Golf Club,T45,+9,297,77,73,75,72,10:15am,False,complete,06373
575,Brooks Koepka,Augusta National Golf Club,T45,+9,297,73,73,76,75,11:05am,False,complete,36689
576,Sahith Theegala,Augusta National Golf Club,T45,+9,297,74,74,74,75,11:25am,False,complete,51634
577,Jon Rahm,Augusta National Golf Club,T45,+9,297,73,76,72,76,11:45am,False,complete,46970
578,Danny Willett,Augusta National Golf Club,T45,+9,297,68,75,76,78,12:25pm,False,complete,32139
579,Grayson Murray,Augusta National Golf Club,51,+10,298,76,74,78,70,9:25am,False,complete,34213
580,Eric Cole,Augusta National Golf Club,52,+11,299,73,72,81,73,10:05am,False,complete,47591
581,Adam Hadwin,Augusta National Golf Club,T53,+12,300,75,73,82,70,9:15am,False,complete,33399
582,Neal Shipley,Augusta National Golf Club,T53,+12,300,71,76,80,73,9:35am,True,complete,63807
583,Jake Knapp,Augusta National Golf Club,T55,+13,301,74,76,78,73,9:25am,False,complete,47420
584,Erik van Rooyen,Augusta National Golf Club,T55,+13,301,71,76,78,76,10:05am,False,complete,40006
585,Tony Finau,Augusta National Golf Club,T55,+13,301,71,78,72,80,11:45am,False,complete,29725
586,Vijay Singh,Augusta National Golf Club,T58,+14,302,75,73,82,72,9:15am,False,complete,06567
587,Thorbjørn Olesen,Augusta National Golf Club,T58,+14,302,71,79,77,75,9:55am,False,complete,33968
588,Tiger Woods,Augusta National Golf Club,60,+16,304,73,72,82,77,9:35am,False,complete,08793
589,Lee Hodges,Augusta National Golf Club,-,+7,151,74,77,,,,False,cut,54628
590,Mike Weir,Augusta National Golf Club,-,+7,151,74,77,,,,False,cut,10423
591,Justin Rose,Augusta National Golf Club,-,+7,151,73,78,,,,False,cut,22405
592,Sungjae Im,Augusta National Golf Club,-,+7,151,77,74,,,,False,cut,39971
593,Austin Eckroat,Augusta National Golf Club,-,+7,151,74,77,,,,False,cut,57362
594,Zach Johnson,Augusta National Golf Club,-,+7,151,76,75,,,,False,cut,24024
595,Sergio Garcia,Augusta National Golf Club,-,+7,151,72,79,,,,False,cut,21209
596,Justin Thomas,Augusta National Golf Club,-,+7,151,72,79,,,,False,cut,33448
597,Nick Dunlap,Augusta National Golf Club,-,+7,151,77,74,,,,False,cut,59866
598,Wyndham Clark,Augusta National Golf Club,-,+7,151,73,78,,,,False,cut,51766
599,Stewart Hagestad,Augusta National Golf Club,-,+8,152,74,78,,,,True,cut,51586
600,Christo Lamprecht,Augusta National Golf Club,-,+8,152,74,78,,,,True,cut,54422
601,Viktor Hovland,Augusta National Golf Club,-,+8,152,71,81,,,,False,cut,46717
602,Sam Burns,Augusta National Golf Club,-,+9,153,80,73,,,,False,cut,47504
603,Brian Harman,Augusta National Golf Club,-,+9,153,81,72,,,,False,cut,27644
604,Jordan Spieth,Augusta National Golf Club,-,+9,153,79,74,,,,False,cut,34046
605,Peter Malnati,Augusta National Golf Club,-,+10,154,82,72,,,,False,cut,34466
606,Bubba Watson,Augusta National Golf Club,-,+10,154,74,80,,,,False,cut,25804
607,Santiago de la Fuente,Augusta National Golf Club,-,+10,154,76,78,,,,True,cut,61520
608,Stephan Jaeger,Augusta National Golf Club,-,+10,154,74,80,,,,False,cut,36799
609,Charl Schwartzel,Augusta National Golf Club,-,+11,155,74,81,,,,False,cut,26331
610,Ryo Hisatsune,Augusta National Golf Club,-,+12,156,78,78,,,,False,cut,51287
611,Fred Couples,Augusta National Golf Club,-,+12,156,80,76,,,,False,cut,01226
612,Jasper Stubbs,Augusta National Golf Club,-,+12,156,80,76,,,,True,cut,56513
613,Dustin Johnson,Augusta National Golf Club,-,+13,157,78,79,,,,False,cut,30925
614,Gary Woodland,Augusta National Golf Club,-,+13,157,76,81,,,,False,cut,31323
615,Adrian Meronk,Augusta National Golf Club,-,+14,158,78,80,,,,False,cut,33674
616,Nick Taylor,Augusta National Golf Club,-,+14,158,77,81,,,,False,cut,25493
617,Emiliano Grillo,Augusta National Golf Club,-,+15,159,76,83,,,,False,cut,31646
